{
  "f1": 0.051759,
  "roc_auc": 0.970083,
  "pr_auc": 0.09329,
  "false_positive_rate": 0.015369,
  "precision": 0.026703,
  "recall": 0.838918,
  "latency_mean_ms": 296.515991,
  "latency_p50_ms": 298.1118,
  "latency_p95_ms": 333.02888
}